Nombre Grace,Claves Clases,Link MisProfes,
FERNANDO PURON CONTRERAS,"COM-16301, COM-16306",https://www.misprofesores.com/profesores/Fernando-Puron-Contreras_158284,
GERARDO ZORRILLA RAMOS,EGN-17162,https://www.misprofesores.com/profesores/GERARDO-ZORRILLA-RAMOS_46194,
SOFIA FLORES SENTIES,"DER-11121, DER-11104-LAB",N/A,
JESUS ADRIAN FERNANDEZ REYES,"LEN-12718, LEN-12726, LEN-10141, LEN-11128, LEN-10135, LEN-17103, LEN-10140, LEN-12719, LEN-12727",https://www.misprofesores.com/profesores/Jesus-Adrian-Fernandez-Reyes_113365,
AURELIO VASQUEZ,ADM-15533,https://www.misprofesores.com/profesores/Aurelio-Vasquez_35317,
MARIA CRUZ MERINO SANZ,"ADM-16602, ADM-16610, ADM-16601",https://www.misprofesores.com/profesores/Maria-Cruz-Merino-Sanz_10744,
ERNESTO BLANCAS BARRAGAN,"ECO-12010, ECO-12102",https://www.misprofesores.com/profesores/Ernesto-Blancas-Barragan_147480,
ABIMAEL JAVIER BENGOCHEA CRUZ,"MAT-24211, MAT-12220",https://www.misprofesores.com/profesores/Abimael-Javier-Bengochea-Cruz_91291,
GAMALIEL MIRANDA FLORES,"DER-19005-LAB, DER-19004",N/A,
SANDRA LORENA VILLALOBOS OROZCO,"LEN-17103, LEN-12718, LEN-12701",https://misprofesores.com/profesores/Sandra-Lorena-Villalobos_104333,
ANA GABRIELA VAZQUEZ VELAZQUEZ,"CON-15001, CON-15125",N/A,
JORGE MONROY JIMENEZ,"MAT-14280, MAT-14300, MAT-14281, MAT-14301",https://www.misprofesores.com/profesores/Jorge-Monroy-Jimenez_77450,
NATALIA SALTALAMACCHIA ZICCARDI,EIN-17304,https://www.misprofesores.com/profesores/Natalia-Saltalamacchia-Ziccardi_10835,
SERGIO HERNANDEZ SANCHEZ,"SDI-11322-LAB, SDI-17401-LAB",N/A,
JOSE GUADALUPE ROMERO VELAZQUEZ,"SDI-14105, SDI-11911, SDI-17112",https://www.misprofesores.com/profesores/Jose-Guadalupe-Romero-Velasquez_81677,
IRMA LOZANO MENDICUTI,"COM-11302, COM-16305",https://www.misprofesores.com/profesores/IRMA-LOZANO-MENDICUTI_31181,
ELIAS HERIBERTO ARIAS NAVA,"IIO-13180, IIO-14193",N/A,
JOSE LUIS HERNANDEZ SANCHEZ,DER-10114,N/A,
LUIS ANTHAR GONZALEZ RODRIGUEZ,CON-15002,https://www.misprofesores.com/profesores/Luis-Anthar-Gonzalez_177453,
ALEXANDRA URIBE COUGHLAN,"CSO-10100, CSO-14021, CSO-14096",https://www.misprofesores.com/profesores/Alexandra-Uribe-Coughlan_10804,
MARIA GRACE  NOBILE,CLE-10202-LAB,https://www.misprofesores.com/profesores/Maria-Grace-Nobile_10828,
GILBERTO NAVA HERNANDEZ,DER-15704,N/A,
ROMANS PANCS,"ECO-21112, ECO-11227",https://www.misprofesores.com/profesores/Romans-Pancs_104518,
FRANCO LAMMOGLIA ORDIALES,"DER-17045, DER-17048-LAB",https://www.misprofesores.com/profesores/Franco-Lammoglia_104538,
JOSE CALIXTO CANO,"COM-16301, COM-16306",https://www.misprofesores.com/profesores/Jose-Calixto-Cano_19639,
MARIA DE LAS MERCEDES ANTONIA RODRIGUEZ ABASCAL,LEN-12701,N/A,
EMILIO AGUILAR CASTELLANO,DER-11111,N/A,
VIRGINIA KALIS LETAYF,"CON-10004, CON-10112, CON-10003",https://www.misprofesores.com/profesores/Virginia-Kalis-Letayf_10754,
CRISTHIAN JOSE MANUEL SEMINARIO AMEZ,"ECO-22105, ECO-10518",https://www.misprofesores.com/profesores/Cristhian-Seminario-Amez_164953,https://www.misprofesores.com/profesores/Cristhian-Seminario_163851
CONCEPCION RUIZ RUIZ FUNES,"MAT-14201, MAT-14281, MAT-14301",https://www.misprofesores.com/profesores/concepcion-ruiz-ruiz-funes_17986,
IGNACIO NORBERTO LOBATO GARCIA MIJAN,"EST-21104, ECO-20514",https://www.misprofesores.com/profesores/Ignacio-Norberto-Lobato-Garcia-Mijan_10781,
MARIA DE LOURDES ALICIA DOMENZAIN ORTEGA,COM-16305,https://www.misprofesores.com/profesores/Lourdes-Domenzain_16997,
EDUARDO MAGALLON MURGUIA,DER-16702,https://www.misprofesores.com/profesores/Eduardo-Magallon_41193,
FRANCISCO JAVIER DEL OLMO HERNANDEZ,SDI-13760-LAB,https://www.misprofesores.com/profesores/Francisco-Del-Olmo-Hernandez_172160,
FLORENCIA GRACIELA ZOZAYA BECERRA,"LEN-12713, LEN-12702, LEN-15358",https://www.misprofesores.com/profesores/Florencia-Zozaya-Becerra_120641,
DANIEL ISAAC CHIQUIAR CIKUREL,"ECO-10204, ECO-13101, ECO-10202",https://www.misprofesores.com/profesores/Daniel-Isaac-Chiquiar-Cikurel_165191,
HORACIO ALEJANDRO LARREGUY ARBESU,"ECO-10204, ECO-10202",N/A,
MARTA ROBLES CARTES,"ECO-11104, ECO-21103",https://www.misprofesores.com/profesores/Marta-Robles-Cartes_20660,
MIGUEL ANGEL AVILA DEL BOSQUE,EST-10101,https://www.misprofesores.com/profesores/Miguel-Angel-Avila-Del-Bosque_83851,
CHRISTIANE FABREGA CHIMALI,"ECO-12010, ECO-12102, ECO-11010, ECO-11101",https://www.misprofesores.com/profesores/Christiane-Fabrega-Chimali_22910,
GABRIELA MEDINA HERNANDEZ,LEN-12753,N/A,
MARIA LUISA GRUNBERGER STERN,"CON-12001, CON-12003",https://www.misprofesores.com/profesores/Maria-Luisa-Grunberger-Stern_16029,
ALBERTO ISAAC RAMIREZ PEREZ,"COM-16301, COM-16306",https://www.misprofesores.com/profesores/Alberto-Isaac-Ramirez-Perez_67481,
CARLOS HURTADO LOPEZ,"ECO-12105, ECO-12133",https://www.misprofesores.com/profesores/Carlos-Hurtado_115125,
JULIO SERRANO ESPINOSA,"ADM-15585, ADM-15582",https://www.misprofesores.com/profesores/Julio-Serrano-Espinosa_139791,
GABRIEL ASTEY WOOD,"LEN-12701, LEN-12002, LEN-12716",https://www.misprofesores.com/profesores/Gabriel-Astey-Wood_59117,
ERNESTO ANTONIO GOMEZ VELAZQUEZ,"MAT-22600, ACT-15358",https://www.misprofesores.com/profesores/Ernesto-Antonio-Gomez-Velazquez_124063,
DENISE MEJAN GANEM,DER-16019,https://www.misprofesores.com/profesores/Denise-Mejan-Ganem_140466,
JORGE FRANCISCO DE LA VEGA GONGORA,"EST-10101, EST-10102",https://www.misprofesores.com/profesores/Jorge-De-la-Vega-Gongora_100220,
GUILLERMO ABDEL MUSIK ASALI,IIO-14180,https://www.misprofesores.com/profesores/Asali-Guillermo-Abdel-Musik_10866,
IRMA BEATRIZ RUMBOS PELLICER,MAT-12351,https://www.misprofesores.com/profesores/Irma-Beatriz-Rumbos-Pellicer_10702,
MARTINA ROQUERO ROS,"MAT-24630, MAT-12200, MAT-24632",https://www.misprofesores.com/profesores/martina-ros-roquero_75072,
LUIS FERNANDO BALAGUERA SARMIENTO,EIN-19408,N/A,
FELIPE BRUGUES RODRIGUEZ,ADM-12107,https://www.misprofesores.com/profesores/Felipe-Brugues-Rodriguez_160059,
JOYCE CAROL  SADKA,"ECO-14208, DER-10113",https://www.misprofesores.com/profesores/Joyce-Carol-Sadka_10766,
GUILLERMO ORTIZ MARTINEZ,ECO-17103,N/A,
JESUS ALEJANDRO ORDIERES SIERES,EGN-17123,https://www.misprofesores.com/profesores/Jesus-Alejandro-Ordieres-Sieres_10826,
MARIA CRISTINA GIGOLA PAGLIALUNGA,IIO-14170,https://www.misprofesores.com/profesores/Maria-Cristina-Gigola-Paglialunga_10861,
MONICA GARCIA CEREZO,CON-14100,https://www.misprofesores.com/profesores/Monica-Garcia-Cerezo_15986,
MARIA OFELIA RODRIGUEZ DURAN,"SDI-11120-LAB, SDI-17306-LAB",https://www.misprofesores.com/profesores/Ofelia-Rodriguez_33115,https://www.misprofesores.com/profesores/MARIA-OFELIA-RODRIGUEZ-DURAN_159927
JAIME DE LEON REYES,CON-15001,N/A,
STEFANO STRAULINO TORRE,"EGN-17142, EGN-17122",https://www.misprofesores.com/profesores/Stefano-Straulino-Torre_81785,https://www.misprofesores.com/profesores/Stephano-Straulino_83245
HAICAL JOSE BESIL SHAADI,CON-10005,https://www.misprofesores.com/profesores/Haical-Besil_67324,
JOSE JULIO MURCIO TREJO,CON-12002,N/A,
MIGUEL FRANCISCO DE LASCURAIN MORHAN,IIO-16180,https://www.misprofesores.com/profesores/Miguel-Francisco-de-Lascurain-Morhan_10857,
ISRAEL ALVAREZ MACIAS,LEN-12767,N/A,
MARIO VAZQUEZ CORTE,"COM-12103, COM-23101",N/A,
FRANCO ALBERTO DEL VALLE PRADO,"DER-10015, DER-10022, DER-10016",https://www.misprofesores.com/profesores/Franco-Alberto-Del-Valle-Prado_129325,
JOEL ZAMORA RAMOS,"MAT-14310, MAT-11310",https://www.misprofesores.com/profesores/Joel-Zamora-Ramos_15284,
ALEJANDRA FLORES MOSRI,"COM-16301, COM-16306",https://www.misprofesores.com/profesores/Alejandra-Flores-Mosri_20881,
THOMAS MARTIN RUDOLF,"IIO-12182, IIO-15183, IIO-12170, IIO-12170-LAB, IIO-12182-LAB",N/A,
DAVID RUELAS RODRIGUEZ,ACT-11302,https://www.misprofesores.com/profesores/David-Ruelas-Rodriguez_14178,
JOSE FRANCISCO TUDON MALDONADO,"ADM-12350, ADM-15582",https://www.misprofesores.com/profesores/JOSE-FRANCISCO-TUDON-MALDONADO_107298,
MARIA LUCIA DEL CARPIO ROMERO,ADM-12107,N/A,
ALFREDO URUCHURTU SOBERON,DER-17601,N/A,
LEONARDO ROJAS NANDAYAPA,"EST-11102, ACT-11302",https://www.misprofesores.com/profesores/Leonardo-Rojas_19570,
MARGARET KATHRYN  SLOAN,ADM-14413,https://www.misprofesores.com/profesores/Maggie-Sloan_47010,
ALEJANDRO TERAN CASTELLANOS,"IIO-13150, IIO-13160",https://www.misprofesores.com/profesores/Alejandro-Teran-Castellanos_10862,
ROSA ELENA MIRANDA SANSORES,CON-10001,https://www.misprofesores.com/profesores/ROSA-ELENA-MIRANDA-SANSORES_93912,
JESUS ADRIAN CRESPO FARRERA,DER-14606,https://www.misprofesores.com/profesores/Jesus-Adrian-Crespo-Ferrera_180909,
MARIA CRISTINA GARCIA BARRAGAN DE LA PEÑA,DER-10019,https://www.misprofesores.com/profesores/Maria-Cristina-Garcia-Barragan-De-La-Pena_129390,
VALERIA ZEPEDA TREJO,"EGN-17162, EGN-11163",https://www.misprofesores.com/profesores/Valeria-Zepeda-Trejo_17590,
LUIS MANUEL ESTRADA STRAFFON,CSO-14051,https://www.misprofesores.com/profesores/luis-estrada-straffon_77178,
CARLOS ARTURO SERNA GARCINI,"ADM-12013, ADM-11101, ADM-11017",https://www.misprofesores.com/profesores/Carlos-Arturo-Serna-Garcini_35622,https://www.misprofesores.com/profesores/Carlos-Garcini_93786
ADRIANA ALFARO ALTAMIRANO,"ECO-10307, CSO-19091, CSO-11073",https://www.misprofesores.com/profesores/Adriana-Alfaro_94152,
OMAR VIGUERAS HERRERA,"MAT-12200, MAT-14250, MAT-14200",https://www.misprofesores.com/profesores/Omar-Vigueras-Herrera_147082,
JOSE PABLO OLIVARES PRETELIN,"MAT-14250, MAT-14200",https://www.misprofesores.com/profesores/Jose-Pablo-Olivares-Pretelin_78777,
EMILIO GUTIERREZ FERNANDEZ,"ECO-18101, ECO-10204, ECO-10202",https://www.misprofesores.com/profesores/Emilio-Gutierrez_31470,
ADRIAN LUCARDI,"CSO-15022, CSO-10110",https://www.misprofesores.com/profesores/Adrian-Lucardi_82586,
LUCIA RAMIREZ DAVID,"MAT-24632, MAT-14300, MAT-24630, MAT-12250, MAT-14280",https://www.misprofesores.com/profesores/Lucia-Ramirez_24708,
JUAN PABLO MICOZZI,"CSO-14042, CSO-10101, CSO-10106, CSO-14041",https://www.misprofesores.com/profesores/Juan-Pablo-Micozzi_59705,
CESAR CLAUDIO URRUTIA ROMERO,DER-13406,https://www.misprofesores.com/profesores/Cesar-Claudio-Urrutia-Romero_106567,
GRACIELA GUADALUPE DEL CARMEN DIAZ ARGOMEDO,IIO-15132-LAB,https://www.misprofesores.com/profesores/Graciela-Guadalupe-Diaz-Argomedo_50992,
JORGE RIVERA NORIEGA,"MAT-24111, MAT-24150",https://www.misprofesores.com/profesores/Jorge-Rivera-Noriega_94017,
TRIDIB  SHARMA,ECO-11122,https://www.misprofesores.com/profesores/Tridib-Sharma_10768,
LUIS ENRIQUE PEREDA TREJO,DER-12204,https://www.misprofesores.com/profesores/Luis-Enrique-Pereda-Trejo_131154,https://www.misprofesores.com/profesores/Luis-Enrique-Pereda_59785
ANGEL PEREZ JUAREZ,"MAT-12220, MAT-14250, MAT-14200",https://www.misprofesores.com/profesores/Angel-Perez-Juarez_18387,
MARIA CANDELAS RAMIREZ,"CON-10001, CON-10112, CON-10003",https://www.misprofesores.com/profesores/Maria-Candelas-Ramirez_10751,
CONRADO JOSE ARRANZ MINGUEZ,"LEN-12701, LEN-14208, LEN-10132, LEN-12702, LEN-12711",https://www.misprofesores.com/profesores/Jose-Conrado-Arranz-Minguez_84768,https://www.misprofesores.com/profesores/Jose-Conrado-Arranz-Minguez_84769
HUGO CUEVAS BRAVO,EST-11101,https://www.misprofesores.com/profesores/Hugo-Cuevas-Bravo_155789,
JUAN CARLOS ROA JACOBO,DER-17703,https://www.misprofesores.com/profesores/Juan-Carlos-Roa_14968,
JUAN MANUEL ANDRADE HERNANDEZ,COM-23115,https://www.misprofesores.com/profesores/Juan-Manuel-Andrade-Hernandez_108735,
ANDRES HERNANDEZ BARRERA,"DER-11304, DER-11105",https://www.misprofesores.com/profesores/Andres-Hernandez-Barrera_181176,
LYSETTE FELIX FELIX,"MAT-12220, MAT-12221",https://www.misprofesores.com/profesores/Lysette-Felix-Felix_109682,
GUSTAVO ANTONIO LEYVA JIMENEZ,"ECO-10517, ECO-12201",https://www.misprofesores.com/profesores/Gustavo-Antonio-Leyva-Jimenez_181676,
DANIELA RUIZ MASSIEU SALINAS,"ADM-13106, ADM-15582",https://www.misprofesores.com/profesores/Daniela-Ruiz-Massieu-Salinas_54674,
NITZE NAYELI PEREZ FERNANDEZ,"DER-16059-LAB, DER-13026-LAB, DER-13024, DER-16058",https://www.misprofesores.com/profesores/Nitze-Nayeli-Perez-Fernandez_105762,
MARIA TERESITA PAVIA LOPEZ,EGN-17121,https://www.misprofesores.com/profesores/Maria-Teresita-Pavia-Lopez_16797,
RUBEN ALEJANDRO MARTINEZ AVENDAÑO,"MAT-12201, MAT-14300, MAT-14280",https://www.misprofesores.com/profesores/Ruben-Alejandro-Martinez-Avendano_107915,
DIEGO OCEJO DEL VILLAR,"ADM-13101, ADM-15582",N/A,
JOSE DAVID SANTOS SALAZAR,"EST-11102, ACT-15353",https://www.misprofesores.com/profesores/Jose-David-Santos-Salazar_108016,
MANETT ROCIO VARGAS GARCIA,ECO-18101,https://www.misprofesores.com/profesores/Manett-Vargas_47504,
JULIANA GUDIÑO ANTILLON,"ADM-15507, ADM-15510, ADM-15502",https://www.misprofesores.com/profesores/Juliana-Gudino-Antillon_10720,
ALEJANDRO POSADAS URTUSUASTEGUI,DER-13615-LAB,N/A,
RAYMUNDO GAMA LEYVA,"DER-12103, DER-12102, DER-12202",https://www.misprofesores.com/profesores/Raymundo-Gama_80671,
JOSE ANTONIO LECHUGA RIVERA,COM-12101,N/A,
JORGE ALCALDE MARTIN DEL CAMPO,"MAT-14280, MAT-14300",https://www.misprofesores.com/profesores/JORGE-ALCALDE-MARTIN-DEL-CAMPO_81055,
RENATA HERRERIAS FRANCO,ADM-15532,https://www.misprofesores.com/profesores/Renata-Herrerias-Franco_10741,
LUIS ANTONIO MONCAYO MARTINEZ,"IIO-13150, IIO-14161",https://www.misprofesores.com/profesores/Luis-Antonio-Moncayo-Martinez_94297,
SERGIO ROMERO HERNANDEZ,"IIO-15170, IIO-15175, IIO-15180, IIO-12180",https://www.misprofesores.com/profesores/Sergio-Romero-Hernandez_10863,
FRANZ ERWIN OBERARZBACHER DAVILA,"DER-11109-LAB, DER-11110-LAB, DER-12204",N/A,
SERGIO GARCIA GARCIA,LEN-12702,N/A,
ANA MICAELA ALTERIO,DER-15403,https://www.misprofesores.com/profesores/Ana-Micaela-Alterio_80390,
EMILIO ENRIQUE NAVARRO HERNANDEZ,"CLE-10516-LAB, LEN-12701, CLE-10516",N/A,
ANTONIO LOPEZ VELARDE LOERA,ACT-25354,N/A,
SIMON LUNAGOMEZ CORIA,"EST-14102, EST-24126, EST-24127, EST-14101",https://www.misprofesores.com/profesores/Simon-Lunagomez-Coria_153767,
ANA MARIA ZORRILLA NORIEGA,"DER-17044, DER-11121, DER-17047-LAB, DER-11104-LAB",https://www.misprofesores.com/profesores/Ana-Maria-Zorrilla-Noriega_129385,
ZEFERINO PARADA GARCIA,"MAT-14250, MAT-24410, MAT-14200, MAT-14100, MAT-14400",https://www.misprofesores.com/profesores/Zeferino-Parada-Garcia_10698,
MAYRA NUÑEZ LOPEZ,"MAT-24630, MAT-24632",https://www.misprofesores.com/profesores/Mayra-Nunez-Lopez_100352,
FEDERICO JOSE KUHLMANN RODRIGUEZ,"SDI-14105, SDI-15816, SDI-17112",https://www.misprofesores.com/profesores/Federico-Jose-Kuhlmann-Rodriguez_10875,
ROBERTO ZOCCO,"EGN-11164, EGN-17121",https://www.misprofesores.com/profesores/Roberto-Zocco-Pasimeni_35000,
HUGO ALEJANDRO GARDUÑO ARREDONDO,ADM-15514,https://www.misprofesores.com/profesores/HUGO-ALEJANDRO-GARDUNO-ARREDONDO_103934,
MIGUEL ONTIVEROS ALONSO,DER-14402,https://www.misprofesores.com/profesores/Miguel-Onitveros-Alonso_179889,
JULIETA IRMA GUIZA PEREZ,ADM-15501,https://www.misprofesores.com/profesores/Julieta-Irma-Guiza-Perez_10729,
FILIBERTO VICTOR KERBER PALMA,EIN-17403,https://www.misprofesores.com/profesores/Filiberto-Victor-Kerber_159983,
NANCY FABIOLA MENDEZ LOPEZ,LEN-12702,N/A,
SERGIO MIGUEL SARMIENTO SERRANO,EGN-17142,https://www.misprofesores.com/profesores/Sergio-Miguel-Sarmiento-Serrano_16302,
ALFREDO VILLAFRANCA QUINTO,EGN-17162,https://www.misprofesores.com/profesores/Alfredo-Villafranca-Quinto_10811,
HERICA SANCHEZ LARIOS,"MAT-12200, MAT-14250, MAT-14200",https://www.misprofesores.com/profesores/Herica-Sanchez-Larios_40771,
CARLOS MENA LABARTHE,"DER-16007, DER-16057",N/A,
ELIZABETH GEORGINA URRUTIA LEZAMA,"CON-10110, CON-10100",https://www.misprofesores.com/profesores/Elizabeth-Georgina-Urrutia-Lezama_22908,
MARIA DE LA CRUZ TORRES MANTECON,"ADM-14405, ADM-12302, ADM-14401",https://www.misprofesores.com/profesores/Marycruz-Torres-Mantecon_20290,
MIGUEL BERNARDO DE ERICE RODRIGUEZ,"DER-16501, DER-16502",https://www.misprofesores.com/profesores/Miguel-de-Erice_29635,
HUGO CORZO ZANABRIA,LEN-12758,N/A,
ROSA MARIA ATHIE RUBIO,"CON-10001, CON-10110, CON-10100",https://www.misprofesores.com/profesores/Rosa-Ma-Athie_19736,
MIROSLAVA MENDOZA VIDAL,COM-16412,https://www.misprofesores.com/profesores/Miroslava-Mendoza-Vidal_30732,
JUAN CARLOS AGUILAR VILLEGAS,"MAT-14102, MAT-14400, MAT-24210",https://www.misprofesores.com/profesores/Juan-Carlos-Aguilar-Villegas_10711,
JULIETA MARIA SARRALDE VERA,"ADM-15750, ADM-15501",https://www.misprofesores.com/profesores/Julieta-Maria-Sarralde-Vera_10718,
JOSE MANUEL OROZCO GARIBAY,EGN-17161,https://www.misprofesores.com/profesores/Jose-Manuel-Orozco-Garibay_10824,
ARTURO RAMIREZ VERDUGO,ECO-15101,,
ALEXANDROS FAKOS,"ADM-12103, ADM-12108",,
FELIPE JAVIER MEDINA AGUAYO,EST-14103,,
RODRIGO CHACON AGUIRRE,"EIN-14302, EIN-14102",,
SANDRA PATRICIA MINABURO VILLAR,"CON-10002, CON-10106, CON-10111",,
ANA SOFIA CHARVEL OROZCO,DER-15504,,
SOFIA CORONA VERDUZCO,"ECO-12010, ECO-12102, ECO-11010, ECO-11101",,
EMILIO RUVALCABA ORNELAS,"DER-16501, DER-16502",,
FRANCISCO JAVIER BLANCO RIVERA,SDI-11120,,
JAVIER MARTINEZ VILLARROYA,"LEN-12715, LEN-12702, LEN-10132, LEN-14051",,
GINA AILEEN CASTILLO RIVERO,DER-11113-LAB,,
ERIC MAGAR MEURS,"CSO-10001, CSO-15024",,
JUAN JESUS GARZA ONOFRE,DER-11119,,
ARTURO MANUEL FERNANDEZ PEREZ,ECO-11001,,
CARLOS FERNANDO ESPONDA DARLINGTON,"COM-15126, COM-14113",,
CLAUDIA GABRIELA ORTIZ PEÑA,"CON-14101, CON-12110, CON-14109",,
EDUARDO PORTAS RUIZ,"LEN-12756, LEN-12764",,
MOISES EDUARDO RAMOS DE LA CAJIGA,"ADM-15610, ADM-15582",,
DENISE EUGENIA DRESSER GUERRA,"CSO-13041, CSO-10100, CSO-14021, CSO-14045",,
CLAUDIA EMILIA DE LEON PEREZ,"CON-10110, CON-10100",,
GERARDO FERNANDEZ FERNANDEZ,EGN-17141,,
GUSTAVO ALVAREZ PELAEZ,EST-24104,,
RITA EUGENIA MALDONADO LOZANO,"MAT-11101, MAT-11100, MAT-12100",,
MARCELA RABADAN GALLARDO,"CLE-10603-LAB, LEN-15532, LEN-12717, LEN-12701",,
JOSE GABRIEL MARTINEZ GONZALEZ,"ECO-14303, ECO-14301",,
LEOBARDO FERNANDEZ ROMAN,"MAT-14310, MAT-12200",,
FEDERICO VALLE OCHOA,LEN-12751,,
MONICA ZAVALA ESTRADA,"COM-16306, COM-14113",,
JOSE ALEJANDRO JARDI RAMOS,"COM-16301, COM-16306",,
ANA EUGENIA DIAZ ROSIÑOL,"COM-16305, COM-16301, COM-16306",,
POLUX ERNESTO DIAZ RUIZ,"ADM-15510, ADM-15502",,
ALBERTO ESPINOSA GONZALEZ,"COM-16301, COM-16412, COM-16306",,
ANDRES GOMEZ DE SILVA GARZA,"COM-11102-LAB, COM-11114-LAB, COM-11114, COM-11102",,
TOUFIK CHAIBAT,CLE-10311-LAB,,
WILMER EFREN PEREIRA GONZALEZ,"COM-23114, COM-14106",,
HAZEL BLACKMORE SANCHEZ,EIN-15302,,
LILIANA DE LA TORRE DESENTIS,"EST-13101, EST-11101",,
EDUARDO JOSE PABLO MARTIN GARCIA CORREA,"LEN-12758, LEN-12757",,
MAGDALENA SOFIA BARBA FERNANDEZ,"ECO-11010, ECO-11101",,
CLAUDIA NOEMI GONZALEZ BRAMBILA,ADM-13126,,
LUIS MARTIN ARCINIEGA RUIZ DE ESPARZA,ADM-14402,,
ANTONELLA AGOSTINA BANDIERA,"CSO-16049, CSO-15043",,
INES VARGAS CHRISTLIEB,"DER-10015, DER-10022, DER-10016",,
ANTONIO VIVANCO CASAMADRID,"ECO-14502, ECO-14501, ECO-11010, ECO-11101",,
JORGE AGUILERA SUAREZ,"DER-18802, DER-18601",,
LUIS MANUEL CAMP MEJAN CARRER,DER-13403,,
AMRITA BAHRI,"DER-11111, DER-18044",,
RODRIGO CAMARENA GONZALEZ,"DER-15303, DER-10113",,
ALBERTO SIMPSER MONDLAK,"CSO-17056, CSO-19110, CSO-17041",,
CHRISTINA CORNEJO VAN LUIT,"ECO-10301, CSO-12013, ECO-11010, ECO-11101",,
PAVEL JIMENEZ VAZQUEZ,EGN-17161,,
MARIANA CASILLAS CASILLAS,"MAT-12201, MAT-12220",,
MANUEL GUADARRAMA HERRERA,DER-11116-LAB,,
VLADIMIR CAETANO DE OLIVEIRA CONTRERAS,"MAT-12201, MAT-12200, MAT-12250",,
MANUEL MENDOZA RAMIREZ,"EST-14103, EST-24112",,
JOSE IGNACIO LANZAGORTA GARCIA,"CSO-12041, CSO-12042, CSO-12049",,
JOSE LUIS RIVAS PEREZ,ADM-11018,,
MARCO ANTONIO MORALES AGUIRRE,"COM-11113, COM-11112, COM-11103-LAB, COM-23701, COM-11112-LAB, COM-11103, COM-11113-LAB",,
JUAN FERNANDO CALDERON CABELLO,CON-16100,,
JOSE CARLOS FEMAT ROMERO,ECO-14207,,
JOSE ALBERTO DOMINGO INCERA DIEGUEZ,"COM-12104, SDI-13760",,
LUZ MARIA SILVA ORTIZ,EGN-17161,,
LINDA DIAZ DEL BARRIO,CON-11015,,
JORGE NEME SANCHEZ,LEN-12757,,
DIEGO ALEJANDRO DOMINGUEZ LARREA,ECO-11021,,
MARCO ANTONIO MARTINEZ RAMIREZ,SDI-11561,,
MARTHA ANGELICA GALICIA OSORIO,"DER-13030, DER-13031-LAB",,
GERARDO HERNANDEZ DEL VALLE,ACT-22309,,
MARIA DE LOURDES IBARRA Y HERRERIAS,EGN-17162,,
ANA TAMARIT AMIEVA,"LEN-12702, LEN-12701",,
CARLOS ARMANDO DE JESUS CANTU GARCIA,ECO-12121,,
PABLO ARIEL RAPETTI,"DER-11101, DER-11122",,
DAVID MORENO GUINEA,EGN-17141,,
XOCHITL CHAVARRIA CRUZ,COM-14113,,
JAVIER ESPINO MARTIN,EGN-17141,,
DIEGO ALEJANDRO OTERO ANGELINI,EGN-17121,,
LUIS ALBERTO KING MARTINEZ,DER-11117,,
ANA KARINA MIRANDA FLORES,IIO-13180,,
MARIA GABRIELA  MAZZUCHINO,"LEN-16403, LEN-12701, LEN-12721",,
CLAUDIA ABURTO RANCAÑO,"ECO-11010, ECO-11101",,
LUIS FERNANDO ARTEAGA VILLEDA,CON-14111,,
LUIS ENRIQUE NIETO BARAJAS,"EST-24105, EST-24124, EST-24126, EST-14101",,
SERGIO GARCIA ALQUICIRA,"ACT-11303, ACT-11300",,
ALEXANDRA LEMUS RODRIGUEZ,LEN-12759,,
CLAUDIA SOLEDAD SAAVEDRA MENDEZ,LEN-12701,,
HANNAH BIRKENKOTTER,"DER-11117, DER-11123-LAB, DER-11118",,
LUIS ASALI HARFUCH,DER-13504,,
ROMAIN SYLVAIN JEAN GENIEZ,"DER-11106, DER-11207",,
HECTOR JIMENEZ LANDIN,LEN-12766,,
MATHIAS JOSEF SCHNEIDER,"ADM-15535, ADM-15571, ADM-15533",,
MARIA ARIETTE ALVAREZ KURI,EGN-17121,,
RODRIGO FARIAS GARCIA,DER-10011,,
OSCAR PERALTA GUTIERREZ,ACT-11310,,
PAULINA MORALES LOPEZ SANTIBAÑEZ,LEN-12701,,
MAURICIO TOMAS ROMERO LONDOÑO,"ECO-10516, ECO-10521",,
DORA ILIANA MEDINA MEDINA,"IIO-15140, IIO-15151, IIO-15132",,
BARBARA CARRILLO FLORES,"ECO-13101, ECO-11103",,
ALEJANDRO VALENCIA MARTINEZ,CON-10005,,
ALEJANDRO  RODILES BRETON,"DER-10005, DER-10013, DER-18600, DER-18701",,
KRZYSZTOF ZAREMBA,"ADM-11101, ADM-11017",,
VICTOR FRANCISCO BREÑA MEDINA,"MAT-12201, MAT-14101",,
ERICK MIER MORENO,"EST-24126, EST-14101",,
ALMA RUTH POZOS ESPINOZA,ADM-16733,,
EDITH MIREYA VARGAS GARCIA,"MAT-14310, MAT-12349",,
MARCELA PORTE PETIT ANDUAGA,"CON-10112, CON-10003",,
GLORIA LOPEZ CHAVEZ,"MAT-14201, MAT-12310",,
RICARDO SERGIO FADL KURI,"ECO-15110, ECO-15101",,
BENITO REVAH MEYOHAS,CON-11001,,
CARLOS MANDUJANO FERREIRO,"ECO-12010, ECO-12102",,
RAFAEL GREGORIO GAMBOA HIRALES,SDI-24810,,
JOSE DEL NIÑO JESUS CAMPERO PARDO,"MAT-12102, MAT-12101",,
JUAN JOSE FERNANDEZ DURAN,ADM-15517,,
ROSA MARGARITA GALAN VELEZ,LEN-12702,,
IRVIN ARTURO CASTILLO CESAREO,"DER-13203, DER-13201",,
MARIA LAURA BATTAGLIOLA,"EST-24105, EST-24124, EST-24106, EST-24125",,
JUAN CARLOS BELAUSTEGUIGOITIA RIUS,"ECO-10300, ECO-11000, ECO-17103, CSO-10003",,
ARTURO PELAEZ GALVEZ,EGN-17162,,
MARCELO CARLOS MEJIA OLVERA,"COM-16301, COM-14105, COM-16306",,
FELIPE MEZA GOIZ,"ECO-22113, ECO-13102",,
ANTONIO JESUS DIEZ QUESADA,EGN-17142,,
ANA REGINA LUEVANO CAYON,EGN-17141,,
MARISOL VILLANUEVA CASTILLO,"MAT-14250, MAT-14200",,
MIGUEL ANGEL MOTA GAYTAN,"MAT-14201, MAT-24320",,
MOSHE BEN HAMO YEGER,CSO-17042,,
MIGUEL MESSMACHER LINARTAS,ECO-11000,,
JOSE OCTAVIO GUTIERREZ GARCIA,COM-15112,,
ANTE SALCEDO GONZALEZ,"IIO-16111, SDI-17306",,
MARTHA BEATRIZ ZERTUCHE SANCHEZ,EST-10102,,
XINYANG WANG,"ECO-21111, ECO-21104",,
SILVIA RIOS MAGOS,"COM-16305, COM-14113",,
GABRIEL GOODLIFFE,"EIN-15105, EIN-16402",,
JOSE COVARRUBIAS AZUELA,DER-13607,,
RODOLFO DARIO VAZQUEZ CARDOZO,DER-11805,,
CLEMENTE ROMERO OLMEDO,DER-10017,,
ANTONIO RODOLFO LLORET CARRILLO,"ADM-12360, ADM-12251, ADM-12107",,
JORGE JESUS ALONSO ORTIZ,"ECO-22105, ECO-12121",,
CARLOS GONZALEZ HERNANDEZ,"ADM-11013, ADM-12022",,
ISRAEL LOPEZ AVILA,"COM-12101, COM-12109",,
MARIA DE LOS ANGELES YAÑEZ ACOSTA,ACT-15360,,
ANDREAS WACHTEL,"MAT-14390, MAT-24406, MAT-24430",,
MARGARITA TARRAGONA SAEZ,CEB-10001,,
EDGAR POSSANI ESPINOSA,"MAT-24500, MAT-12350",,
MANUEL TAMEZ ZENDEJAS,"CON-15001, CON-15002",,
PEDRO DANIEL TREJO SOLIS,ACT-11300,,
MAIRA MADRIZ MENDOZA,"MAT-14201, MAT-14101",,
EDGAR FRANCISCO ROMAN RANGEL,COM-22108,,
MARIA GUADALUPE ADRIANA ORTEGA ORTIZ,"DER-14505, DER-11115-LAB",,
ATHANASIOS  HRISTOULAS,"EIN-17303, EIN-13202",,
DIANA LUCIA ALVAREZ MACIAS,"LEN-12722, LEN-12754, LEN-12762",,
LETICIA RENTERIA FERRAN,"COM-11302, COM-16412",,
SERGIO IVAN ARROYO GILES,MAT-10101,,
KARINA ESTHELA VILLANUEVA GONZALEZ,LEN-12701,,
MIGUEL ANGEL CASTRO TORRESLANDA,"DER-11307, DER-11107-LAB, DER-11112-LAB",,
BERTHA HILDA ROJAS NUÑEZ,"CON-14101, CON-12110, CON-14109, CON-11013",,
PAULINA BUSTOS ARELLANO,COM-22104,,
FRANCISCO FERNANDO NOREÑA VILLARIAS,"MAT-12102, MAT-14102",,
ROXANA PEREZ ARCE VALLE,"DER-10015, DER-10022, DER-10016",,
JAVIER ARTURO VELAZQUEZ GALVAN,EGN-17121,,
JULIO ANTONIO RIOS FIGUEROA,"DER-15087, DER-15086",,
HUGO RODRIGUEZ CORTES,"SDI-11561-LAB, SDI-15777",,
MARIA MERCEDES GREGORIO DOMINGUEZ,"ACT-22306, ACT-13307",,
WHITNEY CELESTE DE VOS,DER-11108,,
JUAN SALVADOR MARMOL YAHYA,"COM-23101, COM-15111",,
ADRIAN URBINA GALICIA,CON-15003,,
LIDIA VALLEJO BALDERRABANO,CON-10011,,
ALEJANDRO ISLAS CAMARGO,"EST-11102, EST-11104, EST-11103",,
LUCIA PI CHOLULA,"LEN-14208, LEN-12702, LEN-10132, LEN-12711",,
MARIANA AGUILAR AGUILAR,DER-10003,,
AIRAM ASERET BLANCAS BENITEZ,"EST-14107, EST-11101",,
DANTE GABRIEL CAMPOS SALIDO,EST-24107,,
JEFFREY ALLEN WELDON,"CSO-13041, CSO-15021, CSO-14045",,
LOUIS ZALTZMAN KORNHAUSER,ECO-15491,,
ROSA GABRIELA GONZALEZ PULIDO,DER-14607-LAB,,
ALEJANDRA SOLIS GONZALEZ,"LEN-12701, LEN-13101, LEN-10132, LEN-12702, LEN-12714",,
YANIRA ROSALBA PETRIDES JIMENEZ,"CON-14101, CON-12110, CON-14109, CON-18002",,
ANTONIO LOPEZ VEGA,EGN-17142,,
ERNESTO JUVENAL BARRIOS ZAMUDIO,"EST-14103, EST-24127, EST-14102, EST-24126, EST-14101",,
FRANCISCO GERARDO CESAR MEDINA,ACT-25354,,
SHARON MAGALI VALVERDE ESPARZA,"MAT-12220, MAT-12221",,
MAX LUGO DELGADILLO,COM-23116,,
MONICA CECILIA SOTO BETANCOURT,EGN-17141,,
VICTOR MANUEL GUERRERO GUZMAN,"EST-11104, EST-11103",,
SERGIO JAVIER LUIS ALCAZAR,LEN-12701,,
CECILIA MARIA ORTIZ AHLF,"ADM-16603, ADM-16644",,
RODRIGO PEÑA GONZALEZ,EIN-16403,,
ENRIQUE CUERVO GUZMAN,"EST-24105, EST-24124",,
MARIA ALEJANDRA BARRERA RAMIREZ,"COM-16303, COM-16413",,
SILVANO ANTONIO ESPINDOLA PARRA,EGN-17141,,
EMILIANO AMAURI RUIZ PARRA,LEN-12755,,
MARIO ANDRES AGUILAR ORDUÑA,"SDI-11221-LAB, SDI-11221",,
EDWIN ALAN PIÑON GONZALEZ,"DER-15076-LAB, DER-15068",,
MANUEL ADRIAN CHAVEZ PEREZ,LEN-12702,,
FEDERICO AUGUSTO GUZMAN RUBIO,"LEN-15532, LEN-12702, LEN-12717",,
JANKO HERNANDEZ CORTES,"ADM-15560, ADM-15534",,
FRANCISCO JAVIER VILLA LOPEZ,SDI-12515-LAB,,
JULIAN GOMEZ FAUSTINO,ADM-15514,,
FRANCO ZECCHETTO TOLEDO,ADM-15507,,
ERNESTO PEREZ CHAVELA,"MAT-24110, MAT-12200",,
JOSE OMAR HERNANDEZ SALGADO,DER-17702,,
MARIA ANA MERCEDES GONZALEZ ARMENDARIZ,"CON-10110, CON-10100",,
MAURICIO HERNANDEZ CERVANTES,LEN-12761,,
JUAN SALVADOR GARZA LEDESMA,"MAT-14280, MAT-14300",,
MARCIA AMARANTA GAMEZ MENDIVIL,LEN-12702,,
JOSEFINA CORTES CAMPOS,DER-17601,,
LEVENT ULKU,"ECO-10204, ECO-11121, ECO-10202",,
HANAKO TANIGUCHI PONCIANO,LEN-12758,,
ERNESTO JAVIER CORDERO ARROYO,ECO-10517,,
MARIA DE LAS MERCEDES ADAMUZ PEÑA,"ADM-15528, ADM-15593, ADM-15503",,
JOSE ANTONIO SOUZA JIMENEZ,"IIO-15175-LAB, IIO-15161-LAB",,
YOANNA SHUBICH GREEN,EIN-19414,,
CARLOS JEFFREY MCCADDEN MARTINEZ,EGN-17121,,
GERMAN  SUCAR,DER-11206,,
ANDREA GONZALEZ AGUILAR,LEN-12701,,
ROSA MARIA ROJAS VERTIZ CONTRERAS,"DER-10018, DER-16503, DER-16602",,
GUILLERMO IGNACIO GARCIA ALCOCER,ECO-11103,,
FRANCISCA MARIA POU GIMENEZ,DER-15600,,
ESTEBAN DEGETAU SENTIES,"ECO-11010, ECO-11101",,
LUIS EDUARDO URBAN RIVERO,"IIO-13150, IIO-12172",,
EDUARDO ERASMO OSORNIO GARCIA,"DER-15061, DER-15080-LAB",,
ISABEL FLORES ALCAZAR,EIN-11101,,
ANDREY  GOMBERG,"ECO-11121, ECO-15111",,
FRANCISCO PEREZ GONZALEZ,ADM-15560,,
PABLO KALMANOVITZ GONZALEZ,"EIN-12201, EIN-14102",,
CARLOS ERNESTO URRUTIA VILLALOBOS,"ECO-18300, ECO-13102",,
JOAO PEDRO LEITAO DA CRUZ MORAIS,"MAT-24210, MAT-12202",,
FERNANDO BUENO AJA,"DER-17806, DER-17804",,
ANURAG SINGH,ADM-15531,,
JOSE PANTALEON DOMINGUEZ ESPONDA,EGN-17141,,
CARLOS ARTURO RUBIO ROJAS,DER-17703,,
VIDAL FERNANDO ROMERO LEON,"CSO-16048, CSO-15041, CSO-16042",,
BELEN ESPINOSA LUCIO,MAT-14101,,
FERNANDO DIEGO PEREZ CERVANTES,"ADM-15522, ADM-15517",,
MARIA ISABEL LOPEZ SANTIBAÑEZ GONZALEZ,LEN-12701,,
MARIANA CALDERON ARAMBURU,DER-10011,,
JOSE MARTINEZ GUTIERREZ,ECO-12201,,
SEBASTIAN FERNANDEZ ALONSO MARQUEZ,DER-16922-LAB,,
SYLVIA MELJEM ENRIQUEZ DE RIVERA,CON-12003,,
YOLANDA ISABEL PRETELIN MUÑOZ DE COTE,"MAT-14250, MAT-12349, MAT-14200",,
JOSE MARIA BARRERO SANCLEMENTE,ADM-15532,,
CARLOS GUTIERREZ LOZANO,EGN-17141,,
JOSE RODRIGO SIRVENT BRAVO AHUJA,ECO-14301,,
ANA LIDIA FRANZONI VELAZQUEZ,"COM-16305, COM-16203",,
JEAN PIERRE LOSTAUNAU COSTA,IIO-14278,,
JOHN BRADFORD MCBRIDE PITTS,ADM-11013,,
CECILIA GALAVIZ ALVAREZ,"EGN-17121, EGN-17141",,
SANTIAGO TAMARIZ ACOSTA,DER-11112-LAB,,
JOSE EZEQUIEL SOTO SANCHEZ,"MAT-14250, MAT-24431, MAT-14200",,
JOSE ANGEL FERNANDEZ URIA,"DER-13108, DER-13302",,
RAUL ENRIQUE BRAVO ADUNA,"LEN-17103, LEN-12718",,
SAMARI PAULINA GARCIA Y COLOME GONGORA,LEN-12702,,
ANA PAULINA FIGUEROA GUTIERREZ,"MAT-12220, MAT-14281, MAT-12350, MAT-14301",,
CESAR LUIS GARCIA GARCIA,"MAT-24110, MAT-12200, MAT-24130",,
ERIKA GEORGINA CHAVEZ PIEDRA BUENA,"ACT-11301, ACT-15357",,
JOSE RAMON RIOS SANCHEZ,COM-11107,,
MARTIN MAGRIS,EST-11101,,
MARCELA GONZALEZ MARTINEZ,"CON-10002, CON-10001, CON-10111, CON-17102",,
JOSE JAVIER MEDRANO PEREZ,"ADM-12311, ADM-13125, ADM-16731, ADM-11120, ADM-16601",,
HECTOR ANGEL DOMINGUEZ ALVAREZ,MAT-12250,,
TANIA GABRIELA RODRIGUEZ HUERTA,"DER-10005, DER-18041, DER-10006, DER-18600, EIN-19132, DER-18701",,
CARLOS EDUARDO SCHLESKE JUAREZ,DER-10008,,
RAYBEL ANDRES GARCIA ANCONA,"MAT-12200, MAT-14102",,
FELIPE CURCO COBOS,"CSO-11012, CSO-11011, CSO-11021",,
VICTOR MANUEL FERNANDEZ GONZALEZ ANGULO,CON-10005,,
VICTORIA NUGUER,"ECO-10204, ECO-10202",,
RAFAEL CISNEROS MONTOYA,"SDI-11322, SDI-17401",,
LUZ DEL CARMEN CARRILLO CAREAGA,DER-10021,,
LUIS REY RAIGOSA SOTELO,"DER-11120, DER-11907",,
GABRIELA HERNANDEZ GARCIA,EGN-17141,,
RAUL ALEJANDRO LIVAS ELIZONDO,ECO-18300,,
ADRIAN RUBLI ORNELAS,ADM-12107,,
MIGUEL ANGEL MENDEZ ANTONIO,EST-11102,,
JOSE LUIS CABALLERO RODRIGUEZ,DER-19501,,
MENEY DE LA PEZA GANDARA,ECO-11104,,
FELIX VELEZ FERNANDEZ VARELA,ECO-17100,,
ROMEO SALVADOR ORTEGA MARTINEZ,SDI-12515,,
MARIA JOSE URZUA VALVERDE,EIN-18602,,
ARTURO ALBERTO AGUILAR ESTEVA,ECO-10516,,
ADAN RAMIREZ LOPEZ,"IIO-15161, IIO-15140-LAB",,
FERNANDO RODRIGUEZ DOVAL,"EGN-17162, EGN-11169",,
GABRIELA MELENDEZ VARGAS,ACT-15352,,
ROSARIO EDITH GARCIA MENDIOLA,"CON-10002, COM-16401, CON-10111, COM-16414",,